exps,dataSets,attacks,budgets,metrics,
exps,dataSets,attacks,budgets,metrics,
exps,dataSets,attacks,budgets,metrics,
exps,dataSets,attacks,budgets,metrics,
exps,dataSets,attacks,budgets,metrics,
exps,dataSets,attacks,budgets,metrics,
exps,dataSets,attacks,budgets,metrics,
exps,dataSets,attacks,budgets,metrics,
exps,dataSets,attacks,budgets,metrics,
exps,dataSets,attacks,budgets,metrics,
exps,dataSets,attacks,budgets,metrics,
exps,dataSets,attacks,budgets,metrics,
exps,dataSets,attacks,budgets,metrics,
exps,dataSets,attacks,budgets,metrics,
exps,dataSets,attacks,budgets,metrics,
exps,dataSets,attacks,budgets,metrics,
exps,dataSets,attacks,budgets,metrics,
exps,dataSets,attacks,budgets,metrics,
exps,dataSets,attacks,budgets,metrics,
exps,dataSets,attacks,budgets,metrics,
exps,dataSets,attacks,budgets,metrics,
exps,dataSets,attacks,budgets,metrics,
exps,dataSets,attacks,budgets,metrics,
exps,dataSets,attacks,budgets,metrics,
exps,dataSets,attacks,budgets,metrics,
exps,dataSets,attacks,budgets,metrics,
exps,dataSets,attacks,budgets,metrics,
exps,dataSets,attacks,budgets,metrics,
exps,dataSets,attacks,budgets,metrics,
exps,dataSets,attacks,budgets,metrics,
exps,dataSets,attacks,budgets,metrics,
exps,dataSets,attacks,budgets,metrics,
exps,dataSets,attacks,budgets,metrics,
exps,dataSets,attacks,budgets,metrics,
exps,dataSets,attacks,budgets,metrics,
exps,dataSets,attacks,budgets,metrics,
exps,dataSets,attacks,budgets,metrics,
exps,dataSets,attacks,budgets,metrics,
exps,dataSets,attacks,budgets,metrics,
exps,dataSets,attacks,budgets,metrics,
exps,dataSets,attacks,budgets,metrics,
exps,dataSets,attacks,budgets,metrics,
exps,dataSets,attacks,budgets,metrics,
exps,dataSets,attacks,budgets,metrics,
exps,dataSets,attacks,budgets,metrics,
exps,dataSets,attacks,budgets,metrics,
exps,dataSets,attacks,budgets,metrics,
exps,dataSets,attacks,budgets,metrics,
exps,dataSets,attacks,budgets,metrics,
exps,dataSets,attacks,budgets,metrics,
exps,dataSets,attacks,budgets,metrics,
exps,dataSets,attacks,budgets,metrics,
exps,dataSets,attacks,budgets,metrics,
exps,dataSets,attacks,budgets,metrics,
exps,dataSets,attacks,budgets,metrics,
exps,dataSets,attacks,budgets,metrics,
exps,dataSets,attacks,budgets,metrics,
exps,dataSets,attacks,budgets,metrics,
exps,dataSets,attacks,budgets,metrics,
exps,dataSets,attacks,budgets,metrics,
exps,dataSets,attacks,budgets,metrics,
exps,dataSets,attacks,budgets,metrics,
exps,dataSets,attacks,budgets,metrics,
exps,dataSets,attacks,budgets,metrics,
exps,dataSets,attacks,budgets,metrics,
exps,dataSets,attacks,budgets,metrics,
exps,dataSets,attacks,budgets,metrics,
exps,dataSets,attacks,budgets,metrics,
exps,dataSets,attacks,budgets,metrics,
exps,dataSets,attacks,budgets,metrics,
exps,dataSets,attacks,budgets,metrics,
exps,dataSets,attacks,budgets,metrics,
exps,dataSets,attacks,budgets,metrics,
exps,dataSets,attacks,budgets,metrics,
exps,dataSets,attacks,budgets,metrics,
exps,dataSets,attacks,budgets,metrics,
exps,dataSets,attacks,budgets,metrics,
exps,dataSets,attacks,budgets,metrics,
exps,dataSets,attacks,budgets,metrics,
exps,dataSets,attacks,budgets,metrics,
exps,dataSets,attacks,budgets,metrics,
exps,dataSets,attacks,budgets,metrics,
exps,dataSets,attacks,budgets,metrics,
exps,dataSets,attacks,budgets,metrics,
exps,dataSets,attacks,budgets,metrics,
exps,dataSets,attacks,budgets,metrics,
exps,dataSets,attacks,budgets,metrics,
exps,dataSets,attacks,budgets,metrics,
exps,dataSets,attacks,budgets,metrics,
exps,dataSets,attacks,budgets,metrics,
exps,dataSets,attacks,budgets,metrics,
exps,dataSets,attacks,budgets,metrics,
exps,dataSets,attacks,budgets,metrics,
exps,dataSets,attacks,budgets,metrics,
exps,dataSets,attacks,budgets,metrics,
exps,dataSets,attacks,budgets,metrics,
exps,dataSets,attacks,budgets,metrics,
exps,dataSets,attacks,budgets,metrics,
exps,dataSets,attacks,budgets,metrics,
exps,dataSets,attacks,budgets,metrics,
exps,dataSets,attacks,budgets,metrics,
exps,dataSets,attacks,budgets,metrics,
exps,dataSets,attacks,budgets,metrics,
exps,dataSets,attacks,budgets,metrics,
exps,dataSets,attacks,budgets,metrics,
exps,dataSets,attacks,budgets,metrics,
exps,dataSets,attacks,budgets,metrics,
exps,dataSets,attacks,budgets,metrics,
exps,dataSets,attacks,budgets,metrics,
exps,dataSets,attacks,budgets,metrics,
exps,dataSets,attacks,budgets,metrics,
exps,dataSets,attacks,budgets,metrics,
exps,dataSets,attacks,budgets,metrics,
exps,dataSets,attacks,budgets,metrics,
exps,dataSets,attacks,budgets,metrics,
exps,dataSets,attacks,budgets,metrics,
exps,dataSets,attacks,budgets,metrics,
exps,dataSets,attacks,budgets,metrics,
exps,dataSets,attacks,budgets,metrics,
exps,dataSets,attacks,budgets,metrics,
exps,dataSets,attacks,budgets,metrics,
exps,dataSets,attacks,budgets,metrics,
exps,dataSets,attacks,budgets,metrics,
exps,dataSets,attacks,budgets,metrics,
exps,dataSets,attacks,budgets,metrics,
exps,dataSets,attacks,budgets,metrics,
exps,dataSets,attacks,budgets,metrics,
exps,dataSets,attacks,budgets,metrics,
exps,dataSets,attacks,budgets,metrics,
exps,dataSets,attacks,budgets,metrics,
exps,dataSets,attacks,budgets,metrics,
exps,dataSets,attacks,budgets,metrics,
exps,dataSets,attacks,budgets,metrics,
exps,dataSets,attacks,budgets,metrics,
exps,dataSets,attacks,budgets,metrics,
exps,dataSets,attacks,budgets,metrics,
exps,dataSets,attacks,budgets,metrics,
exps,dataSets,attacks,budgets,metrics,
exps,dataSets,attacks,budgets,metrics,
exps,dataSets,attacks,budgets,metrics,
exps,dataSets,attacks,budgets,metrics,
exps,dataSets,attacks,budgets,metrics,
exps,dataSets,attacks,budgets,metrics,
exps,dataSets,attacks,budgets,metrics,
exps,dataSets,attacks,budgets,metrics,
exps,dataSets,attacks,budgets,metrics,
exps,dataSets,attacks,budgets,metrics,
exps,dataSets,attacks,budgets,metrics,
exps,dataSets,attacks,budgets,metrics,
exps,dataSets,attacks,budgets,metrics,
exps,dataSets,attacks,budgets,metrics,
exps,dataSets,attacks,budgets,metrics,
exps,dataSets,attacks,budgets,metrics,
exps,dataSets,attacks,budgets,metrics,
exps,dataSets,attacks,budgets,metrics,
exps,dataSets,attacks,budgets,metrics,
exps,dataSets,attacks,budgets,metrics,
exps,dataSets,attacks,budgets,metrics,
exps,dataSets,attacks,budgets,metrics,
exps,dataSets,attacks,budgets,metrics,
exps,dataSets,attacks,budgets,metrics,
exps,dataSets,attacks,budgets,metrics,
exps,dataSets,attacks,budgets,metrics,
exps,dataSets,attacks,budgets,metrics,
exps,dataSets,attacks,budgets,metrics,
exps,dataSets,attacks,budgets,metrics,
exps,dataSets,attacks,budgets,metrics,
exps,dataSets,attacks,budgets,metrics,
exps,dataSets,attacks,budgets,metrics,
exps,dataSets,attacks,budgets,metrics,
exps,dataSets,attacks,budgets,metrics,
exps,dataSets,attacks,budgets,metrics,
exps,dataSets,attacks,budgets,metrics,
exps,dataSets,attacks,budgets,metrics,
exps,dataSets,attacks,budgets,metrics,
exps,dataSets,attacks,budgets,metrics,
exps,dataSets,attacks,budgets,metrics,
exps,dataSets,attacks,budgets,metrics,
exps,dataSets,attacks,budgets,metrics,
exps,dataSets,attacks,budgets,metrics,
exps,dataSets,attacks,budgets,metrics,
exps,dataSets,attacks,budgets,metrics,
exps,dataSets,attacks,budgets,metrics,
exps,dataSets,attacks,budgets,metrics,
exps,dataSets,attacks,budgets,metrics,
exps,dataSets,attacks,budgets,metrics,
exps,dataSets,attacks,budgets,metrics,
exps,dataSets,attacks,budgets,metrics,
exps,dataSets,attacks,budgets,metrics,
exps,dataSets,attacks,budgets,metrics,
exps,dataSets,attacks,budgets,metrics,
exps,dataSets,attacks,budgets,metrics,
exps,dataSets,attacks,budgets,metrics,
exps,dataSets,attacks,budgets,metrics,
exps,dataSets,attacks,budgets,metrics,
exps,dataSets,attacks,budgets,metrics,
exps,dataSets,attacks,budgets,metrics,
exps,dataSets,attacks,budgets,metrics,
exps,dataSets,attacks,budgets,metrics,
exps,dataSets,attacks,budgets,metrics,
exps,dataSets,attacks,budgets,metrics,
exps,dataSets,attacks,budgets,metrics,
exps,dataSets,attacks,budgets,metrics,
exps,dataSets,attacks,budgets,metrics,
exps,dataSets,attacks,budgets,metrics,
exps,dataSets,attacks,budgets,metrics,
exps,dataSets,attacks,budgets,metrics,
exps,dataSets,attacks,budgets,metrics,
exps,dataSets,attacks,budgets,metrics,
exps,dataSets,attacks,budgets,metrics,
exps,dataSets,attacks,budgets,metrics,
exps,dataSets,attacks,budgets,metrics,
exps,dataSets,attacks,budgets,metrics,
exps,dataSets,attacks,budgets,metrics,
exps,dataSets,attacks,budgets,metrics,
exps,dataSets,attacks,budgets,metrics,
exps,dataSets,attacks,budgets,metrics,
exps,dataSets,attacks,budgets,metrics,
exps,dataSets,attacks,budgets,metrics,
exps,dataSets,attacks,budgets,metrics,
exps,dataSets,attacks,budgets,metrics,
exps,dataSets,attacks,budgets,metrics,
exps,dataSets,attacks,budgets,metrics,
exps,dataSets,attacks,budgets,metrics,
exps,dataSets,attacks,budgets,metrics,
exps,dataSets,attacks,budgets,metrics,
exps,dataSets,attacks,budgets,metrics,
exps,dataSets,attacks,budgets,metrics,
exps,dataSets,attacks,budgets,metrics,
exps,dataSets,attacks,budgets,metrics,
exps,dataSets,attacks,budgets,metrics,
exps,dataSets,attacks,budgets,metrics,
exps,dataSets,attacks,budgets,metrics,
exps,dataSets,attacks,budgets,metrics,
exps,dataSets,attacks,budgets,metrics,
exps,dataSets,attacks,budgets,metrics,
exps,dataSets,attacks,budgets,metrics,
exps,dataSets,attacks,budgets,metrics,
exps,dataSets,attacks,budgets,metrics,
exps,dataSets,attacks,budgets,metrics,
exps,dataSets,attacks,budgets,metrics,
exps,dataSets,attacks,budgets,metrics,
exps,dataSets,attacks,budgets,metrics,
exps,dataSets,attacks,budgets,metrics,
exps,dataSets,attacks,budgets,metrics,
exps,dataSets,attacks,budgets,metrics,
exps,dataSets,attacks,budgets,metrics,
exps,dataSets,attacks,budgets,metrics,
exps,dataSets,attacks,budgets,metrics,
exps,dataSets,attacks,budgets,metrics,
exps,dataSets,attacks,budgets,metrics,
exps,dataSets,attacks,budgets,metrics,
exps,dataSets,attacks,budgets,metrics,
exps,dataSets,attacks,budgets,metrics,
exps,dataSets,attacks,budgets,metrics,
exps,dataSets,attacks,budgets,metrics,
exps,dataSets,attacks,budgets,metrics,
exps,dataSets,attacks,budgets,metrics,
exps,dataSets,attacks,budgets,metrics,
exps,dataSets,attacks,budgets,metrics,
exps,dataSets,attacks,budgets,metrics,
exps,dataSets,attacks,budgets,metrics,
exps,dataSets,attacks,budgets,metrics,
exps,dataSets,attacks,budgets,metrics,
exps,dataSets,attacks,budgets,metrics,
exps,dataSets,attacks,budgets,metrics,
exps,dataSets,attacks,budgets,metrics,
exps,dataSets,attacks,budgets,metrics,
exps,dataSets,attacks,budgets,metrics,
exps,dataSets,attacks,budgets,metrics,
exps,dataSets,attacks,budgets,metrics,
exps,dataSets,attacks,budgets,metrics,
exps,dataSets,attacks,budgets,metrics,
exps,dataSets,attacks,budgets,metrics,
exps,dataSets,attacks,budgets,metrics,
exps,dataSets,attacks,budgets,metrics,
exps,dataSets,attacks,budgets,metrics,
exps,dataSets,attacks,budgets,metrics,
exps,dataSets,attacks,budgets,metrics,
exps,dataSets,attacks,budgets,metrics,
exps,dataSets,attacks,budgets,metrics,
exps,dataSets,attacks,budgets,metrics,
exps,dataSets,attacks,budgets,metrics,
exps,dataSets,attacks,budgets,metrics,
exps,dataSets,attacks,budgets,metrics,
exps,dataSets,attacks,budgets,metrics,
exps,dataSets,attacks,budgets,metrics,
exps,dataSets,attacks,budgets,metrics,
exps,dataSets,attacks,budgets,metrics,
exps,dataSets,attacks,budgets,metrics,
exps,dataSets,attacks,budgets,metrics,
exps,dataSets,attacks,budgets,metrics,
exps,dataSets,attacks,budgets,metrics,
exps,dataSets,attacks,budgets,metrics,
exps,dataSets,attacks,budgets,metrics,
exps,dataSets,attacks,budgets,metrics,
exps,dataSets,attacks,budgets,metrics,
exps,dataSets,attacks,budgets,metrics,
exps,dataSets,attacks,budgets,metrics,
exps,dataSets,attacks,budgets,metrics,
exps,dataSets,attacks,budgets,metrics,
exps,dataSets,attacks,budgets,metrics,
exps,dataSets,attacks,budgets,metrics,
exps,dataSets,attacks,budgets,metrics,
exps,dataSets,attacks,budgets,metrics,
exps,dataSets,attacks,budgets,metrics,
exps,dataSets,attacks,budgets,metrics,
exps,dataSets,attacks,budgets,metrics,
exps,dataSets,attacks,budgets,metrics,
exps,dataSets,attacks,budgets,metrics,
exps,dataSets,attacks,budgets,metrics,
exps,dataSets,attacks,budgets,metrics,
exps,dataSets,attacks,budgets,metrics,
exps,dataSets,attacks,budgets,metrics,
exps,dataSets,attacks,budgets,metrics,
exps,dataSets,attacks,budgets,metrics,
exps,dataSets,attacks,budgets,metrics,
exps,dataSets,attacks,budgets,metrics,
exps,dataSets,attacks,budgets,metrics,
exps,dataSets,attacks,budgets,metrics,
exps,dataSets,attacks,budgets,metrics,
exps,dataSets,attacks,budgets,metrics,
exps,dataSets,attacks,budgets,metrics,
exps,dataSets,attacks,budgets,metrics,
exps,dataSets,attacks,budgets,metrics,
exps,dataSets,attacks,budgets,metrics,
exps,dataSets,attacks,budgets,metrics,
exps,dataSets,attacks,budgets,metrics,
exps,dataSets,attacks,budgets,metrics,
exps,dataSets,attacks,budgets,metrics,
exps,dataSets,attacks,budgets,metrics,
exps,dataSets,attacks,budgets,metrics,
exps,dataSets,attacks,budgets,metrics,
exps,dataSets,attacks,budgets,metrics,
exps,dataSets,attacks,budgets,metrics,
exps,dataSets,attacks,budgets,metrics,
exps,dataSets,attacks,budgets,metrics,
exps,dataSets,attacks,budgets,metrics,
exps,dataSets,attacks,budgets,metrics,
exps,dataSets,attacks,budgets,metrics,
exps,dataSets,attacks,budgets,metrics,
exps,dataSets,attacks,budgets,metrics,
exps,dataSets,attacks,budgets,metrics,
exps,dataSets,attacks,budgets,metrics,
exps,dataSets,attacks,budgets,metrics,
exps,dataSets,attacks,budgets,metrics,
exps,dataSets,attacks,budgets,metrics,
exps,dataSets,attacks,budgets,metrics,
exps,dataSets,attacks,budgets,metrics,
exps,dataSets,attacks,budgets,metrics,
exps,dataSets,attacks,budgets,metrics,
exps,dataSets,attacks,budgets,metrics,
exps,dataSets,attacks,budgets,metrics,
exps,dataSets,attacks,budgets,metrics,
exps,dataSets,attacks,budgets,metrics,
exps,dataSets,attacks,budgets,metrics,
exps,dataSets,attacks,budgets,metrics,
exps,dataSets,attacks,budgets,metrics,
exps,dataSets,attacks,budgets,metrics,
exps,dataSets,attacks,budgets,metrics,
exps,dataSets,attacks,budgets,metrics,
exps,dataSets,attacks,budgets,metrics,
exps,dataSets,attacks,budgets,metrics,
exps,dataSets,attacks,budgets,metrics,
exps,dataSets,attacks,budgets,metrics,
exps,dataSets,attacks,budgets,metrics,
exps,dataSets,attacks,budgets,metrics,
exps,dataSets,attacks,budgets,metrics,
exps,dataSets,attacks,budgets,metrics,
exps,dataSets,attacks,budgets,metrics,
exps,dataSets,attacks,budgets,metrics,
exps,dataSets,attacks,budgets,metrics,
exps,dataSets,attacks,budgets,metrics,
exps,dataSets,attacks,budgets,metrics,
exps,dataSets,attacks,budgets,metrics,
exps,dataSets,attacks,budgets,metrics,
exps,dataSets,attacks,budgets,metrics,
exps,dataSets,attacks,budgets,metrics,
exps,dataSets,attacks,budgets,metrics,
exps,dataSets,attacks,budgets,metrics,
exps,dataSets,attacks,budgets,metrics,
exps,dataSets,attacks,budgets,metrics,
exps,dataSets,attacks,budgets,metrics,
exps,dataSets,attacks,budgets,metrics,
exps,dataSets,attacks,budgets,metrics,
exps,dataSets,attacks,budgets,metrics,
exps,dataSets,attacks,budgets,metrics,
exps,dataSets,attacks,budgets,metrics,
exps,dataSets,attacks,budgets,metrics,
exps,dataSets,attacks,budgets,metrics,
exps,dataSets,attacks,budgets,metrics,
exps,dataSets,attacks,budgets,metrics,
exps,dataSets,attacks,budgets,metrics,
exps,dataSets,attacks,budgets,metrics,
exps,dataSets,attacks,budgets,metrics,
exps,dataSets,attacks,budgets,metrics,
exps,dataSets,attacks,budgets,metrics,
exps,dataSets,attacks,budgets,metrics,
exps,dataSets,attacks,budgets,metrics,
exps,dataSets,attacks,budgets,metrics,
exps,dataSets,attacks,budgets,metrics,
exps,dataSets,attacks,budgets,metrics,
exps,dataSets,attacks,budgets,metrics,
exps,dataSets,attacks,budgets,metrics,
exps,dataSets,attacks,budgets,metrics,
exps,dataSets,attacks,budgets,metrics,
exps,dataSets,attacks,budgets,metrics,
exps,dataSets,attacks,budgets,metrics,
exps,dataSets,attacks,budgets,metrics,
exps,dataSets,attacks,budgets,metrics,
exps,dataSets,attacks,budgets,metrics,
exps,dataSets,attacks,budgets,metrics,
exps,dataSets,attacks,budgets,metrics,
exps,dataSets,attacks,budgets,metrics,
exps,dataSets,attacks,budgets,metrics,
exps,dataSets,attacks,budgets,metrics,
exps,dataSets,attacks,budgets,metrics,
exps,dataSets,attacks,budgets,metrics,
exps,dataSets,attacks,budgets,metrics,
exps,dataSets,attacks,budgets,metrics,
exps,dataSets,attacks,budgets,metrics,
exps,dataSets,attacks,budgets,metrics,
exps,dataSets,attacks,budgets,metrics,
exps,dataSets,attacks,budgets,metrics,
exps,dataSets,attacks,budgets,metrics,
exps,dataSets,attacks,budgets,metrics,
exps,dataSets,attacks,budgets,metrics,
exps,dataSets,attacks,budgets,metrics,
exps,dataSets,attacks,budgets,metrics,
exps,dataSets,attacks,budgets,metrics,
exps,dataSets,attacks,budgets,metrics,
exps,dataSets,attacks,budgets,metrics,
exps,dataSets,attacks,budgets,metrics,
exps,dataSets,attacks,budgets,metrics,
exps,dataSets,attacks,budgets,metrics,
exps,dataSets,attacks,budgets,metrics,
exps,dataSets,attacks,budgets,metrics,
exps,dataSets,attacks,budgets,metrics,
exps,dataSets,attacks,budgets,metrics,
exps,dataSets,attacks,budgets,metrics,
exps,dataSets,attacks,budgets,metrics,
exps,dataSets,attacks,budgets,metrics,
exps,dataSets,attacks,budgets,metrics,
exps,dataSets,attacks,budgets,metrics,
exps,dataSets,attacks,budgets,metrics,
exps,dataSets,attacks,budgets,metrics,
exps,dataSets,attacks,budgets,metrics,
exps,dataSets,attacks,budgets,metrics,
exps,dataSets,attacks,budgets,metrics,
exps,dataSets,attacks,budgets,metrics,
exps,dataSets,attacks,budgets,metrics,
exps,dataSets,attacks,budgets,metrics,
exps,dataSets,attacks,budgets,metrics,
exps,dataSets,attacks,budgets,metrics,
exps,dataSets,attacks,budgets,metrics,
exps,dataSets,attacks,budgets,metrics,
exps,dataSets,attacks,budgets,metrics,
exps,dataSets,attacks,budgets,metrics,
exps,dataSets,attacks,budgets,metrics,
exps,dataSets,attacks,budgets,metrics,
exps,dataSets,attacks,budgets,metrics,
exps,dataSets,attacks,budgets,metrics,
exps,dataSets,attacks,budgets,metrics,
exps,dataSets,attacks,budgets,metrics,
exps,dataSets,attacks,budgets,metrics,
exps,dataSets,attacks,budgets,metrics,
exps,dataSets,attacks,budgets,metrics,
exps,dataSets,attacks,budgets,metrics,
exps,dataSets,attacks,budgets,metrics,
exps,dataSets,attacks,budgets,metrics,
exps,dataSets,attacks,budgets,metrics,
exps,dataSets,attacks,budgets,metrics,
exps,dataSets,attacks,budgets,metrics,
exps,dataSets,attacks,budgets,metrics,
exps,dataSets,attacks,budgets,metrics,
exps,dataSets,attacks,budgets,metrics,
exps,dataSets,attacks,budgets,metrics,
exps,dataSets,attacks,budgets,metrics,
exps,dataSets,attacks,budgets,metrics,
exps,dataSets,attacks,budgets,metrics,
exps,dataSets,attacks,budgets,metrics,
exps,dataSets,attacks,budgets,metrics,
exps,dataSets,attacks,budgets,metrics,
exps,dataSets,attacks,budgets,metrics,
exps,dataSets,attacks,budgets,metrics,
exps,dataSets,attacks,budgets,metrics,
exps,dataSets,attacks,budgets,metrics,
exps,dataSets,attacks,budgets,metrics,
exps,dataSets,attacks,budgets,metrics,
exps,dataSets,attacks,budgets,metrics,
exps,dataSets,attacks,budgets,metrics,
exps,dataSets,attacks,budgets,metrics,
exps,dataSets,attacks,budgets,metrics,
exps,dataSets,attacks,budgets,metrics,
exps,dataSets,attacks,budgets,metrics,
exps,dataSets,attacks,budgets,metrics,
exps,dataSets,attacks,budgets,metrics,
exps,dataSets,attacks,budgets,metrics,
exps,dataSets,attacks,budgets,metrics,
exps,dataSets,attacks,budgets,metrics,
exps,dataSets,attacks,budgets,metrics,
exps,dataSets,attacks,budgets,metrics,
exps,dataSets,attacks,budgets,metrics,
exps,dataSets,attacks,budgets,metrics,
exps,dataSets,attacks,budgets,metrics,
exps,dataSets,attacks,budgets,metrics,
exps,dataSets,attacks,budgets,metrics,
exps,dataSets,attacks,budgets,metrics,
exps,dataSets,attacks,budgets,metrics,
exps,dataSets,attacks,budgets,metrics,
exps,dataSets,attacks,budgets,metrics,
exps,dataSets,attacks,budgets,metrics,
exps,dataSets,attacks,budgets,metrics,
exps,dataSets,attacks,budgets,metrics,
exps,dataSets,attacks,budgets,metrics,
exps,dataSets,attacks,budgets,metrics,
exps,dataSets,attacks,budgets,metrics,
exps,dataSets,attacks,budgets,metrics,
exps,dataSets,attacks,budgets,metrics,
exps,dataSets,attacks,budgets,metrics,
exps,dataSets,attacks,budgets,metrics,
exps,dataSets,attacks,budgets,metrics,
exps,dataSets,attacks,budgets,metrics,
exps,dataSets,attacks,budgets,metrics,
exps,dataSets,attacks,budgets,metrics,
exps,dataSets,attacks,budgets,metrics,
exps,dataSets,attacks,budgets,metrics,
exps,dataSets,attacks,budgets,metrics,
exps,dataSets,attacks,budgets,metrics,
exps,dataSets,attacks,budgets,metrics,
exps,dataSets,attacks,budgets,metrics,
exps,dataSets,attacks,budgets,metrics,
exps,dataSets,attacks,budgets,metrics,
exps,dataSets,attacks,budgets,metrics,
exps,dataSets,attacks,budgets,metrics,
exps,dataSets,attacks,budgets,metrics,
exps,dataSets,attacks,budgets,metrics,
exps,dataSets,attacks,budgets,metrics,
exps,dataSets,attacks,budgets,metrics,
exps,dataSets,attacks,budgets,metrics,
exps,dataSets,attacks,budgets,metrics,
exps,dataSets,attacks,budgets,metrics,
exps,dataSets,attacks,budgets,metrics,
exps,dataSets,attacks,budgets,metrics,
exps,dataSets,attacks,budgets,metrics,
exps,dataSets,attacks,budgets,metrics,
exps,dataSets,attacks,budgets,metrics,
exps,dataSets,attacks,budgets,metrics,
exps,dataSets,attacks,budgets,metrics,
exps,dataSets,attacks,budgets,metrics,
exps,dataSets,attacks,budgets,metrics,
exps,dataSets,attacks,budgets,metrics,
exps,dataSets,attacks,budgets,metrics,
exps,dataSets,attacks,budgets,metrics,
exps,dataSets,attacks,budgets,metrics,
exps,dataSets,attacks,budgets,metrics,
exps,dataSets,attacks,budgets,metrics,
exps,dataSets,attacks,budgets,metrics,
exps,dataSets,attacks,budgets,metrics,
exps,dataSets,attacks,budgets,metrics,
exps,dataSets,attacks,budgets,metrics,
exps,dataSets,attacks,budgets,metrics,
exps,dataSets,attacks,budgets,metrics,
exps,dataSets,attacks,budgets,metrics,
exps,dataSets,attacks,budgets,metrics,
exps,dataSets,attacks,budgets,metrics,
exps,dataSets,attacks,budgets,metrics,
exps,dataSets,attacks,budgets,metrics,
exps,dataSets,attacks,budgets,metrics,
exps,dataSets,attacks,budgets,metrics,
exps,dataSets,attacks,budgets,metrics,
exps,dataSets,attacks,budgets,metrics,
exps,dataSets,attacks,budgets,metrics,
exps,dataSets,attacks,budgets,metrics,
exps,dataSets,attacks,budgets,metrics,
exps,dataSets,attacks,budgets,metrics,
exps,dataSets,attacks,budgets,metrics,
exps,dataSets,attacks,budgets,metrics,
exps,dataSets,attacks,budgets,metrics,
exps,dataSets,attacks,budgets,metrics,
exps,dataSets,attacks,budgets,metrics,
exps,dataSets,attacks,budgets,metrics,
exps,dataSets,attacks,budgets,metrics,
exps,dataSets,attacks,budgets,metrics,
exps,dataSets,attacks,budgets,metrics,
exps,dataSets,attacks,budgets,metrics,
exps,dataSets,attacks,budgets,metrics,
exps,dataSets,attacks,budgets,metrics,
exps,dataSets,attacks,budgets,metrics,
exps,dataSets,attacks,budgets,metrics,
exps,dataSets,attacks,budgets,metrics,
exps,dataSets,attacks,budgets,metrics,
exps,dataSets,attacks,budgets,metrics,
exps,dataSets,attacks,budgets,metrics,
exps,dataSets,attacks,budgets,metrics,
exps,dataSets,attacks,budgets,metrics,
exps,dataSets,attacks,budgets,metrics,
exps,dataSets,attacks,budgets,metrics,
exps,dataSets,attacks,budgets,metrics,
exps,dataSets,attacks,budgets,metrics,
exps,dataSets,attacks,budgets,metrics,
exps,dataSets,attacks,budgets,metrics,
exps,dataSets,attacks,budgets,metrics,
exps,dataSets,attacks,budgets,metrics,
exps,dataSets,attacks,budgets,metrics,
exps,dataSets,attacks,budgets,metrics,
exps,dataSets,attacks,budgets,metrics,
exps,dataSets,attacks,budgets,metrics,
exps,dataSets,attacks,budgets,metrics,
exps,dataSets,attacks,budgets,metrics,
exps,dataSets,attacks,budgets,metrics,
exps,dataSets,attacks,budgets,metrics,
exps,dataSets,attacks,budgets,metrics,
exps,dataSets,attacks,budgets,metrics,
exps,dataSets,attacks,budgets,metrics,
exps,dataSets,attacks,budgets,metrics,
exps,dataSets,attacks,budgets,metrics,
exps,dataSets,attacks,budgets,metrics,
exps,dataSets,attacks,budgets,metrics,
exps,dataSets,attacks,budgets,metrics,
exps,dataSets,attacks,budgets,metrics,
exps,dataSets,attacks,budgets,metrics,
exps,dataSets,attacks,budgets,metrics,
exps,dataSets,attacks,budgets,metrics,
exps,dataSets,attacks,budgets,metrics,
exps,dataSets,attacks,budgets,metrics,
exps,dataSets,attacks,budgets,metrics,
exps,dataSets,attacks,budgets,metrics,
exps,dataSets,attacks,budgets,metrics,
exps,dataSets,attacks,budgets,metrics,
exps,dataSets,attacks,budgets,metrics,
exps,dataSets,attacks,budgets,metrics,
exps,dataSets,attacks,budgets,metrics,
exps,dataSets,attacks,budgets,metrics,
exps,dataSets,attacks,budgets,metrics,
exps,dataSets,attacks,budgets,metrics,
exps,dataSets,attacks,budgets,metrics,
exps,dataSets,attacks,budgets,metrics,
exps,dataSets,attacks,budgets,metrics,
exps,dataSets,attacks,budgets,metrics,
exps,dataSets,attacks,budgets,metrics,
exps,dataSets,attacks,budgets,metrics,
exps,dataSets,attacks,budgets,metrics,
exps,dataSets,attacks,budgets,metrics,
exps,dataSets,attacks,budgets,metrics,
exps,dataSets,attacks,budgets,metrics,
exps,dataSets,attacks,budgets,metrics,
exps,dataSets,attacks,budgets,metrics,
exps,dataSets,attacks,budgets,metrics,
exps,dataSets,attacks,budgets,metrics,
exps,dataSets,attacks,budgets,metrics,
exps,dataSets,attacks,budgets,metrics,
exps,dataSets,attacks,budgets,metrics,
exps,dataSets,attacks,budgets,metrics,
exps,dataSets,attacks,budgets,metrics,
exps,dataSets,attacks,budgets,metrics,
exps,dataSets,attacks,budgets,metrics,
exps,dataSets,attacks,budgets,metrics,
exps,dataSets,attacks,budgets,metrics,
exps,dataSets,attacks,budgets,metrics,
exps,dataSets,attacks,budgets,metrics,
exps,dataSets,attacks,budgets,metrics,
exps,dataSets,attacks,budgets,metrics,
exps,dataSets,attacks,budgets,metrics,
exps,dataSets,attacks,budgets,metrics,
exps,dataSets,attacks,budgets,metrics,
exps,dataSets,attacks,budgets,metrics,
exps,dataSets,attacks,budgets,metrics,
exps,dataSets,attacks,budgets,metrics,
exps,dataSets,attacks,budgets,metrics,
exps,dataSets,attacks,budgets,metrics,
exps,dataSets,attacks,budgets,metrics,
exps,dataSets,attacks,budgets,metrics,
exps,dataSets,attacks,budgets,metrics,
exps,dataSets,attacks,budgets,metrics,
exps,dataSets,attacks,budgets,metrics,
exps,dataSets,attacks,budgets,metrics,
exps,dataSets,attacks,budgets,metrics,
exps,dataSets,attacks,budgets,metrics,
exps,dataSets,attacks,budgets,metrics,
exps,dataSets,attacks,budgets,metrics,
exps,dataSets,attacks,budgets,metrics,
exps,dataSets,attacks,budgets,metrics,
exps,dataSets,attacks,budgets,metrics,
exps,dataSets,attacks,budgets,metrics,
exps,dataSets,attacks,budgets,metrics,
exps,dataSets,attacks,budgets,metrics,
exps,dataSets,attacks,budgets,metrics,
exps,dataSets,attacks,budgets,metrics,
exps,dataSets,attacks,budgets,metrics,
exps,dataSets,attacks,budgets,metrics,
exps,dataSets,attacks,budgets,metrics,
exps,dataSets,attacks,budgets,metrics,
exps,dataSets,attacks,budgets,metrics,
exps,dataSets,attacks,budgets,metrics,
exps,dataSets,attacks,budgets,metrics,
exps,dataSets,attacks,budgets,metrics,
exps,dataSets,attacks,budgets,metrics,
exps,dataSets,attacks,budgets,metrics,
exps,dataSets,attacks,budgets,metrics,
exps,dataSets,attacks,budgets,metrics,
exps,dataSets,attacks,budgets,metrics,
exps,dataSets,attacks,budgets,metrics,
exps,dataSets,attacks,budgets,metrics,
exps,dataSets,attacks,budgets,metrics,
exps,dataSets,attacks,budgets,metrics,
exps,dataSets,attacks,budgets,metrics,
exps,dataSets,attacks,budgets,metrics,
exps,dataSets,attacks,budgets,metrics,
exps,dataSets,attacks,budgets,metrics,
exps,dataSets,attacks,budgets,metrics,
exps,dataSets,attacks,budgets,metrics,
exps,dataSets,attacks,budgets,metrics,
exps,dataSets,attacks,budgets,metrics,
exps,dataSets,attacks,budgets,metrics,
exps,dataSets,attacks,budgets,metrics,
exps,dataSets,attacks,budgets,metrics,
exps,dataSets,attacks,budgets,metrics,
exps,dataSets,attacks,budgets,metrics,
exps,dataSets,attacks,budgets,metrics,
exps,dataSets,attacks,budgets,metrics,
exps,dataSets,attacks,budgets,metrics,
exps,dataSets,attacks,budgets,metrics,
exps,dataSets,attacks,budgets,metrics,
exps,dataSets,attacks,budgets,metrics,
exps,dataSets,attacks,budgets,metrics,
exps,dataSets,attacks,budgets,metrics,
exps,dataSets,attacks,budgets,metrics,
exps,dataSets,attacks,budgets,metrics,
exps,dataSets,attacks,budgets,metrics,
exps,dataSets,attacks,budgets,metrics,
exps,dataSets,attacks,budgets,metrics,
exps,dataSets,attacks,budgets,metrics,
exps,dataSets,attacks,budgets,metrics,
exps,dataSets,attacks,budgets,metrics,
exps,dataSets,attacks,budgets,metrics,
exps,dataSets,attacks,budgets,metrics,
exps,dataSets,attacks,budgets,metrics,
exps,dataSets,attacks,budgets,metrics,
exps,dataSets,attacks,budgets,metrics,
exps,dataSets,attacks,budgets,metrics,
exps,dataSets,attacks,budgets,metrics,
exps,dataSets,attacks,budgets,metrics,
exps,dataSets,attacks,budgets,metrics,
exps,dataSets,attacks,budgets,metrics,
exps,dataSets,attacks,budgets,metrics,
exps,dataSets,attacks,budgets,metrics,
exps,dataSets,attacks,budgets,metrics,
exps,dataSets,attacks,budgets,metrics,
exps,dataSets,attacks,budgets,metrics,
exps,dataSets,attacks,budgets,metrics,
exps,dataSets,attacks,budgets,metrics,
exps,dataSets,attacks,budgets,metrics,
exps,dataSets,attacks,budgets,metrics,
exps,dataSets,attacks,budgets,metrics,
exps,dataSets,attacks,budgets,metrics,
exps,dataSets,attacks,budgets,metrics,
exps,dataSets,attacks,budgets,metrics,
exps,dataSets,attacks,budgets,metrics,
exps,dataSets,attacks,budgets,metrics,
exps,dataSets,attacks,budgets,metrics,
exps,dataSets,attacks,budgets,metrics,
exps,dataSets,attacks,budgets,metrics,
exps,dataSets,attacks,budgets,metrics,
exps,dataSets,attacks,budgets,metrics,
exps,dataSets,attacks,budgets,metrics,
exps,dataSets,attacks,budgets,metrics,
exps,dataSets,attacks,budgets,metrics,
exps,dataSets,attacks,budgets,metrics,
exps,dataSets,attacks,budgets,metrics,
exps,dataSets,attacks,budgets,metrics,
exps,dataSets,attacks,budgets,metrics,
exps,dataSets,attacks,budgets,metrics,
exps,dataSets,attacks,budgets,metrics,
exps,dataSets,attacks,budgets,metrics,
exps,dataSets,attacks,budgets,metrics,
exps,dataSets,attacks,budgets,metrics,
exps,dataSets,attacks,budgets,metrics,
exps,dataSets,attacks,budgets,metrics,
exps,dataSets,attacks,budgets,metrics,
exps,dataSets,attacks,budgets,metrics,
exps,dataSets,attacks,budgets,metrics,
exps,dataSets,attacks,budgets,metrics,
exps,dataSets,attacks,budgets,metrics,
exps,dataSets,attacks,budgets,metrics,
exps,dataSets,attacks,budgets,metrics,
exps,dataSets,attacks,budgets,metrics,
exps,dataSets,attacks,budgets,metrics,
exps,dataSets,attacks,budgets,metrics,
exps,dataSets,attacks,budgets,metrics,
exps,dataSets,attacks,budgets,metrics,
exps,dataSets,attacks,budgets,metrics,
exps,dataSets,attacks,budgets,metrics,
exps,dataSets,attacks,budgets,metrics,
exps,dataSets,attacks,budgets,metrics,
exps,dataSets,attacks,budgets,metrics,
exps,dataSets,attacks,budgets,metrics,
exps,dataSets,attacks,budgets,metrics,
exps,dataSets,attacks,budgets,metrics,
exps,dataSets,attacks,budgets,metrics,
exps,dataSets,attacks,budgets,metrics,
exps,dataSets,attacks,budgets,metrics,
exps,dataSets,attacks,budgets,metrics,
exps,dataSets,attacks,budgets,metrics,
exps,dataSets,attacks,budgets,metrics,
exps,dataSets,attacks,budgets,metrics,
exps,dataSets,attacks,budgets,metrics,
exps,dataSets,attacks,budgets,metrics,
exps,dataSets,attacks,budgets,metrics,
exps,dataSets,attacks,budgets,metrics,
exps,dataSets,attacks,budgets,metrics,
exps,dataSets,attacks,budgets,metrics,
exps,dataSets,attacks,budgets,metrics,
exps,dataSets,attacks,budgets,metrics,
exps,dataSets,attacks,budgets,metrics,
exps,dataSets,attacks,budgets,metrics,
exps,dataSets,attacks,budgets,metrics,
exps,dataSets,attacks,budgets,metrics,
exps,dataSets,attacks,budgets,metrics,
exps,dataSets,attacks,budgets,metrics,
exps,dataSets,attacks,budgets,metrics,
exps,dataSets,attacks,budgets,metrics,
exps,dataSets,attacks,budgets,metrics,
exps,dataSets,attacks,budgets,metrics,
exps,dataSets,attacks,budgets,metrics,
exps,dataSets,attacks,budgets,metrics,
exps,dataSets,attacks,budgets,metrics,
exps,dataSets,attacks,budgets,metrics,
exps,dataSets,attacks,budgets,metrics,
exps,dataSets,attacks,budgets,metrics,
exps,dataSets,attacks,budgets,metrics,
exps,dataSets,attacks,budgets,metrics,
exps,dataSets,attacks,budgets,metrics,
exps,dataSets,attacks,budgets,metrics,
exps,dataSets,attacks,budgets,metrics,
exps,dataSets,attacks,budgets,metrics,
exps,dataSets,attacks,budgets,metrics,
exps,dataSets,attacks,budgets,metrics,
exps,dataSets,attacks,budgets,metrics,
exps,dataSets,attacks,budgets,metrics,
exps,dataSets,attacks,budgets,metrics,
exps,dataSets,attacks,budgets,metrics,
exps,dataSets,attacks,budgets,metrics,
exps,dataSets,attacks,budgets,metrics,
exps,dataSets,attacks,budgets,metrics,
exps,dataSets,attacks,budgets,metrics,
exps,dataSets,attacks,budgets,metrics,
exps,dataSets,attacks,budgets,metrics,
exps,dataSets,attacks,budgets,metrics,
exps,dataSets,attacks,budgets,metrics,
exps,dataSets,attacks,budgets,metrics,
exps,dataSets,attacks,budgets,metrics,
exps,dataSets,attacks,budgets,metrics,
exps,dataSets,attacks,budgets,metrics,
exps,dataSets,attacks,budgets,metrics,
exps,dataSets,attacks,budgets,metrics,
exps,dataSets,attacks,budgets,metrics,
exps,dataSets,attacks,budgets,metrics,
exps,dataSets,attacks,budgets,metrics,
exps,dataSets,attacks,budgets,metrics,
exps,dataSets,attacks,budgets,metrics,
exps,dataSets,attacks,budgets,metrics,
exps,dataSets,attacks,budgets,metrics,
exps,dataSets,attacks,budgets,metrics,
exps,dataSets,attacks,budgets,metrics,
exps,dataSets,attacks,budgets,metrics,
exps,dataSets,attacks,budgets,metrics,
exps,dataSets,attacks,budgets,metrics,
exps,dataSets,attacks,budgets,metrics,
exps,dataSets,attacks,budgets,metrics,
exps,dataSets,attacks,budgets,metrics,
exps,dataSets,attacks,budgets,metrics,
exps,dataSets,attacks,budgets,metrics,
exps,dataSets,attacks,budgets,metrics,
exps,dataSets,attacks,budgets,metrics,
exps,dataSets,attacks,budgets,metrics,
exps,dataSets,attacks,budgets,metrics,
exps,dataSets,attacks,budgets,metrics,
exps,dataSets,attacks,budgets,metrics,
exps,dataSets,attacks,budgets,metrics,
exps,dataSets,attacks,budgets,metrics,
exps,dataSets,attacks,budgets,metrics,
exps,dataSets,attacks,budgets,metrics,
exps,dataSets,attacks,budgets,metrics,
exps,dataSets,attacks,budgets,metrics,
exps,dataSets,attacks,budgets,metrics,
exps,dataSets,attacks,budgets,metrics,
exps,dataSets,attacks,budgets,metrics,
exps,dataSets,attacks,budgets,metrics,
exps,dataSets,attacks,budgets,metrics,
exps,dataSets,attacks,budgets,metrics,
exps,dataSets,attacks,budgets,metrics,
exps,dataSets,attacks,budgets,metrics,
exps,dataSets,attacks,budgets,metrics,
exps,dataSets,attacks,budgets,metrics,
exps,dataSets,attacks,budgets,metrics,
exps,dataSets,attacks,budgets,metrics,
exps,dataSets,attacks,budgets,metrics,
exps,dataSets,attacks,budgets,metrics,
exps,dataSets,attacks,budgets,metrics,
exps,dataSets,attacks,budgets,metrics,
exps,dataSets,attacks,budgets,metrics,
exps,dataSets,attacks,budgets,metrics,
exps,dataSets,attacks,budgets,metrics,
exps,dataSets,attacks,budgets,metrics,
exps,dataSets,attacks,budgets,metrics,
exps,dataSets,attacks,budgets,metrics,dataset=Cora, attack=CLGA, budget=01%,metric=edge_homophily, result= 0.8044051204819277
exps,dataSets,attacks,budgets,metrics,dataset=Cora, attack=CLGA, budget=01%,metric=node_homophily, result= 0.8128442241602813
exps,dataSets,attacks,budgets,metrics,dataset=Cora, attack=CLGA, budget=01%,metric=class_homophily, result= 0.7592487218059708
exps,dataSets,attacks,budgets,metrics,0.8044051204819277
exps,dataSets,attacks,budgets,metrics,0.8128442241602813
exps,dataSets,attacks,budgets,metrics,0.7592487218059708
exps,dataSets,attacks,budgets,metrics,0.43398362481444513
exps,dataSets,attacks,budgets,metrics,0.8044051204819277
exps,dataSets,attacks,budgets,metrics,0.8128442241602813
exps,dataSets,attacks,budgets,metrics,0.8044051204819277
exps,dataSets,attacks,budgets,metrics,0.8044051204819277
